아이폰 13 256GB [자급제],"1,020,600원",https://cr.shopping.naver.com/adcr.nhn?x=mlWWBXDiBWUljdSLWik5gv%2F%2F%2Fw%3D%3DsM6JHmrtN1mvjn9u%2F7AWBN9%2Fyb0yWz%2BSHAa%2F9MKF1s2DrlQPyQuHoHFsppYbPEdHaFj7kxY711Hd3BWyzsHN0EkKRe%2Fjpmsm0bVb%2FrQFhU2gd7CeWz8n2vTqfWxj%2BSZk7Kb%2FkuGjiiYPum8uk%2FAovVYZnlrSZr8PDPdBCvs8uWtdeJxHcKH4rYUhc5SxvGs%2FQal%2Brid8rrn32YQBzRS5OdSJO7jbxAC%2FhHJnJbE9pD225SET%2FmTh%2Bwr3iKnDGr9FR8GvrA957ftdeGkKq5VS1v4L%2FgX%2FN7S6sKYesvImm6Z7Bz7%2BORHa%2BX777%2F5U82WuFRDpykpOqWZgZqWcBmVwRDVNt10oLH%2BYjy18EjYs%2FoLY6JIeyjRJJG8AQSjlBThBKRuaDR2LrEXFDwvTptY5wkd42zEVOHkRt1m9hvixzMvciNvEAyH7XT6ObGe95mRdUsw%2FEBFoDxdMAZ4HSpGP%2F1sbbTrOhMmQpEkp4UEtzKmSE4FQdvRmo7oxOSvwywmch%2BPn%2F0%2FsFFiwjT7S5BsR0E63g%2B%2FDZ6SMGMTHOoOduSCMNauEcRynSn%2F8orOK7nc90YVfNWc1ovBNRzB7ltHIA47%2BNzM2xPc3c6gJYj7FXOuNWhZ3SMHTcLlpircdRzUgq1JIslBmdxaTx7xO1%2BPPoWw%3D%3D&nvMid=29029192591&catId=50001519
아이폰 13 미니 128GB [자급제],"722,000원",https://cr.shopping.naver.com/adcr.nhn?x=3AU2yqfRKAs7TAHK0UBcDf%2F%2F%2Fw%3D%3DsJ%2FFxoFnMIyEG8z6k8zH19lqhwcrvXz5d1bW2%2F5f%2BegJN4NgkrPIjlczCBjhk2dSMRnSRKHBZ9upWdQ6NqSbctpjq3dGC%2FlyMb01HERRtWuAEoqCtjzo5gmb08Nr%2BrAA9KCyiLpZixuXeg1%2BWCaajAsv%2BjB2erv%2BZ%2Brrs5VHOiTQgGE7%2BZatKjf5hEf1XctkK4jabIZo6ulfp1qDHgCN955bkCnZt3PKDnGtnPfTpWXV9gLRMuJH34gK%2BdKxxm2wLFf5AzegQPVDPnhtRgcq65asJF1TG8DXvuOXRWh2aiSE1QmeK3ZPITzKHcbEnR%2BI8HCLT%2BBTYbjbt2OzJ2cBjiYacvMNwovAp%2BZuyiy3VKHDYe9CsbWrnsboog%2B94RL%2FIB4ThkQICLW%2B6vCSiVkPMQ4Pk2vryFU100lCcPyTJO%2BBFx37WIyrziE4Ps6WrDu%2FEC%2BPCK4hWZVak%2FmlGHuf2bEG1YDduCsIlNU81UtgkO9rL%2FnGINkSYp%2Bd2xAAY7UDnrbUCSSJNv%2FZnYEjEM7BX0HpCrz6HTfVBnFnkBTWuCmUNauEcRynSn%2F8orOK7nc90UKx0wYPIydwPHuMdgpXv%2F1meRSPz8VqI%2B8LNcp%2BvsKRWhZ3SMHTcLlpircdRzUgq1JIslBmdxaTx7xO1%2BPPoWw%3D%3D&nvMid=29030650586&catId=50001519
아이폰 13 미니 256GB [자급제],"1,209,990원",https://cr.shopping.naver.com/adcr.nhn?x=IEdx4CdO3PLkbIc1UzsTYf%2F%2F%2Fw%3D%3DsB%2BUhOuk6w3Z7mpHQukaA%2BDXzvZ11VJRNktMOH8Er4KsCYpaXrkpTZ0FTnmqeb1eB9ZmYJat3Jd0MA%2B3g7rkeiaVjzoZVR1aOh3kgiB7MKjh9xnskd%2Fja5jhN4pzJehJQg91GMoYoS2nIqalCxDRWcVVd6Z%2BmZ5fvTALbBBPmfKL392rcVj5mouEkJq8zyckj%2FUSRtlAaTFL8I%2Bj83B6s1zMYBx1AVSExF%2FJDG79qxZrzeSIk93r203ekV8GO0Mi%2BMV%2F7hod4r6kx50BsbRXUVkPg%2F6PYJW9LpCSumzPJoigK7CtQzZWLlur1%2FFge4%2BEpwq8dEtTBssROk0C2JT8Nsj1nRJ4yoQ1ByXgZXYF4asUr3wpohlrhUETRXnCpgZJOWVaDaRSWnq3IVZckkAe2tQp3GmZH8572EBGDELnqRN19jr8eNdNYNsPM9vHnSTJRF6bx0j7X7PQO15ogjHqgs0e%2Beig2o%2Btg3G0msNFep4byNHyBUXwWVD2ki0TxnNzyvk0L3k43XyWP0GKskloj%2FiUtG7rw9LzFU22b4tyJB1hicchwRNwmJ84TyxvjggzF9O235oLfnF8guLPYbCDtAHWsK5FDdgi3bga5t%2FMBnynke%2FVP%2BgM94BPZkP5YJ%2Bex&nvMid=29030437590&catId=50001519
아이폰 13 128GB [자급제],"1,013,000원",https://cr.shopping.naver.com/adcr.nhn?x=1o9QPm8f4cBAtenKs2ZWQv%2F%2F%2Fw%3D%3DsGkCUY5A28aT8i%2FzS3x6weZvLCZE3FkYburAoZafSjmtN4NgkrPIjlczCBjhk2dSMUqf2z6VyBTy3USYw4I7r%2BJjq3dGC%2FlyMb01HERRtWuAEoqCtjzo5gmb08Nr%2BrAA9KCyiLpZixuXeg1%2BWCaajAsv%2BjB2erv%2BZ%2Brrs5VHOiTQgGE7%2BZatKjf5hEf1XctkKihdJbsF7mPFDdM7F9nXsoJbkCnZt3PKDnGtnPfTpWXV9gLRMuJH34gK%2BdKxxm2wLFf5AzegQPVDPnhtRgcq65asJF1TG8DXvuOXRWh2aiSE1QmeK3ZPITzKHcbEnR%2BI8asEiwPLmiW%2BGSKa%2FDspQpnLykeqmJsj98i14saSlAx3Ye9CsbWrnsboog%2B94RL%2FIQaKjyn%2Bw2LQk17xXDKGCe4Re7uHgyNF3WXsM9BHB6lpFx37WIyrziE4Ps6WrDu%2FEkQhsK9FrLIaKhTqeCPe5%2BnUjwQMKHmfZEGs9R%2F5gzgFfxr8e8848S4N3UJ7%2FNlg1OljLtTQonU32VFdy%2BtXnDv2AmW1ngiJ0SAquefMBg2L6C0XXk8ySaOQ0OaLzzIxFNcfw%2FYR5%2BcGNtJTGur9RPwv%2FeiAKLNT66xcwywwrSvzLVWGr8fvvH1mWvUgXPK6j&nvMid=29030374587&catId=50001519
아이폰 13 미니 512GB [자급제],"1,799,890원",https://cr.shopping.naver.com/adcr.nhn?x=EqMK15HIINrJhGaifdNkmf%2F%2F%2Fw%3D%3Ds20NF8e%2FCSGsX%2BO77NSsiO6MQMxK7lfhq4UybHUry2FDrlQPyQuHoHFsppYbPEdHaOGkNvrhyej%2Bf6vKlwxRcoZ%2BNJoDQBTiB2JPBy2F5Chkd7CeWz8n2vTqfWxj%2BSZk7Kb%2FkuGjiiYPum8uk%2FAovVYZnlrSZr8PDPdBCvs8uWtdeJxHcKH4rYUhc5SxvGs%2FQ5eJoxHy7F9pVayzIa84fuyJO7jbxAC%2FhHJnJbE9pD225SET%2FmTh%2Bwr3iKnDGr9FR8GvrA957ftdeGkKq5VS1v4L%2FgX%2FN7S6sKYesvImm6Z7Bz7%2BORHa%2BX777%2F5U82WuFPW%2FWhsws%2BmqKZySCwtxb%2Fxj%2FcGh6NC4pZRYLeV0hH2A6JIeyjRJJG8AQSjlBThBKRuaDR2LrEXFDwvTptY5wkW1vE3HBqpVXRG1fozyUV1ciNvEAyH7XT6ObGe95mRdUsw%2FEBFoDxdMAZ4HSpGP%2F1i2cRib7F8Pc4inM8ETvoQ8i5HSrzhhCOMWuXdZxvGXvk9L6rt0SOVsUsc5EylGdlWsIhJqboBedl4inxi24rKfmHk%2FLTRk%2FwdKd80loFBR7CDfFfiS902MNL5mSDZn8FNXzEI5jx5V%2FqbLNVGI13HBRicw78tY0rqffJIukLKmDgqgOvq6z5EpEI5N2xav1Mg%3D%3D&nvMid=29030296587&catId=50001519
아이폰 13 프로 1TB [자급제],"1,389,990원",https://cr.shopping.naver.com/adcr.nhn?x=2PSOLVff9HgWjv4J6%2Fpm2%2F%2F%2F%2Fw%3D%3DsRn%2Fgll5O7rPNUker%2BLeuPuFspVPYqX0t88YZymX8XhSGgjNtjvRyY8TaEm3AQ5UwqyL%2F%2BnRqog%2BVYCz5qsVyhn7XiAfuDIutWziuY12Jubv1D26EGQCZtABPGbDx6MTdQW0fRD7MVa%2B5B%2BTN9ZZqz99%2BKy%2Fm0d%2BgYWHtEf61Jo5CNclKwvLyA%2Fys%2F%2FHPPajLnGSGtfC7HsVtItJ58Wx%2BqWNmcbgLr0lu2cCLGgyX7c9vsepmwRk8o%2FCB4DgHhnjVu4%2FqpzOyjIwaj17TzTPT4quKWQN4b7WstTXVRp4V%2Fd2Kx7G3krbJiQXzryuwwOqJVE2yWbDRke48Lm3HShS8C9h0bkRL3MxtmETqv5WCV1JKjRp2D9pkBhcJdqPQCXkTJTyOtdpNmqs6E%2FnW3NDtTp5ENhlNoaBccY7%2BVndAI08LSv5SYzis5SVdiBAX6a8RKlG0H56J6GhRAoCVIyo%2FGb6wTyZTOa8p8nD0SxKNNSAUVxRG4ldwD1%2BkE4NgSPi6NNotVOjABJjx1NK3Vtd%2B81qNh2v4JXdEbSJGhqLRmGQBhNg6pO%2F%2Bw6bSRwW%2FduOkDwA9D9xMy4sQJzQ8jlAPU%2FcAvml%2BLmzJQlz0xBL9VYlvU2Y6hEEwGxc1AZfON9sL4VRAH%2BsMDObarUodGweR8Q%3D%3D&nvMid=29029192588&catId=50001519
아이폰 13 프로 128GB [자급제],"1,690,000원",https://cr.shopping.naver.com/adcr.nhn?x=mI57nUDxQesyYPwHzh%2B62%2F%2F%2F%2Fw%3D%3DspCURHsyW6USmCvLbOUdTAXnWpOJyVLr7IPu%2FMHQ%2FUySGgjNtjvRyY8TaEm3AQ5Uwba3Ql%2FRmUjBE26O7qW4qXH7XiAfuDIutWziuY12Jubv1D26EGQCZtABPGbDx6MTdQW0fRD7MVa%2B5B%2BTN9ZZqz99%2BKy%2Fm0d%2BgYWHtEf61Jo5CNclKwvLyA%2Fys%2F%2FHPPajLTxs46ihXoVB%2B04WPMRzZJmNmcbgLr0lu2cCLGgyX7c9vsepmwRk8o%2FCB4DgHhnjVu4%2FqpzOyjIwaj17TzTPT4quKWQN4b7WstTXVRp4V%2Fd2Kx7G3krbJiQXzryuwwOqJH1o3jPaL%2BOzHJ8kcd%2Bg103MBvPvRK1QG1p7nrlcmEsRKjRp2D9pkBhcJdqPQCXkTMM1plBQtkhaEWAH4rmffCEz8BARFBBPVFkyPgtEG0EgLSv5SYzis5SVdiBAX6a8RKlG0H56J6GhRAoCVIyo%2FGdk1xvoMK6DU755KCZVIEumZZd0C6e2Zyps4U6T5DErBvcQeIaAGIIQRnJcrzv7qxTwJBLdMJs33tG1fFDpp2R9P4PMPHCnudPTZjGRUD3iUiaT9%2F6Dm2UeDTaIwPBeJ7UxYGU%2B0kJtmgC71aGScSou0%2FOzF0rbXMJQxftMJzc8uBq7h9PA5SrIXrcWPClBGWw%3D%3D&nvMid=29030420587&catId=50001519
아이폰 13 미니 128GB [SKT],"199,000원",https://cr.shopping.naver.com/adcr.nhn?x=hs5Doou8WOLt0nsBr6JIHv%2F%2F%2Fw%3D%3Ds2KElbhoYhBvLk8jq1uulYeSASC2d8bQgDBVZ6I%2FURNpN4NgkrPIjlczCBjhk2dSMUoq8k4AxXQBnb0BKWzJt3Zjq3dGC%2FlyMb01HERRtWuAEoqCtjzo5gmb08Nr%2BrAA9KCyiLpZixuXeg1%2BWCaajAsv%2BjB2erv%2BZ%2Brrs5VHOiTQgGE7%2BZatKjf5hEf1XctkK93Zrej3qYq3yaEzFx0yslJbkCnZt3PKDnGtnPfTpWXV9gLRMuJH34gK%2BdKxxm2wLFf5AzegQPVDPnhtRgcq65asJF1TG8DXvuOXRWh2aiSE1QmeK3ZPITzKHcbEnR%2BI8FbbvUoezI3gN2O53hn8WtDoXrKkT%2BnvfpgXdTRPUWRDlp1VU53fqxlKTBT%2Bu6wKCBDfhREPGGG6lSF5KrzgH8oPk2vryFU100lCcPyTJO%2BBFx37WIyrziE4Ps6WrDu%2FEC%2BPCK4hWZVak%2FmlGHuf2bMAd1loMGnbAg6635fmugIdJm%2F1ne9lUZdiLJ5vX8PmzGs4aA9cry75%2FxBVxV3dzA5nm2e2Us3ZGgBgdKfiaiFv6C0XXk8ySaOQ0OaLzzIxFV%2Bs9BDAOp0Vr9p%2B4Ge9Nlwv%2FeiAKLNT66xcwywwrSvzLVWGr8fvvH1mWvUgXPK6j&nvMid=29030427586&catId=50000246
아이폰 13 프로 256GB [자급제],"1,550,000원",https://cr.shopping.naver.com/adcr.nhn?x=51TqfFS1DbwvlqacO7UiM%2F%2F%2F%2Fw%3D%3DsdiluHvBMR03I%2FnEhgzKfETm1RE9z2b4yORVj9izZoH6GgjNtjvRyY8TaEm3AQ5Uwfkak6pAXJpmRURP1YiHJY37XiAfuDIutWziuY12Jubv1D26EGQCZtABPGbDx6MTdQW0fRD7MVa%2B5B%2BTN9ZZqz99%2BKy%2Fm0d%2BgYWHtEf61Jo5CNclKwvLyA%2Fys%2F%2FHPPajL137zj6xS8KLGHM26HEneD2NmcbgLr0lu2cCLGgyX7c9vsepmwRk8o%2FCB4DgHhnjVu4%2FqpzOyjIwaj17TzTPT4quKWQN4b7WstTXVRp4V%2Fd2Kx7G3krbJiQXzryuwwOqJPnFYruZ8RZTLYPmg%2FYgShVMcHVkgHUkDFs%2BWN8SPhWNKjRp2D9pkBhcJdqPQCXkTMM1plBQtkhaEWAH4rmffCNi0NhztotYo0jz4rJ1Y4rsLSv5SYzis5SVdiBAX6a8RKlG0H56J6GhRAoCVIyo%2FGe6PVlsDCpHcNo%2FcE9xR15OZZd0C6e2Zyps4U6T5DErBvcQeIaAGIIQRnJcrzv7qxax14hAEJ3C0m8MzRcOfeu5P4PMPHCnudPTZjGRUD3iUeBypmyVuo1g0WiPd9L6aqvjO%2BCnNjlfzOp%2BQdIdwE3S0%2FOzF0rbXMJQxftMJzc8uBq7h9PA5SrIXrcWPClBGWw%3D%3D&nvMid=29030492586&catId=50001519
아이폰 13 512GB [자급제],"1,174,530원",https://cr.shopping.naver.com/adcr.nhn?x=Msf8RNYrrA4zTI7A5u3Cwv%2F%2F%2Fw%3D%3DskiHzB5Gim3YHVzRdibdAlR8Laif5FICMESjaw9m6tpmGgjNtjvRyY8TaEm3AQ5UwgT3qEte3hvD3HzI25Sfuun7XiAfuDIutWziuY12Jubv1D26EGQCZtABPGbDx6MTdQW0fRD7MVa%2B5B%2BTN9ZZqz99%2BKy%2Fm0d%2BgYWHtEf61Jo5CNclKwvLyA%2Fys%2F%2FHPPajLMeLn3DEnnxE0ondyd3T%2BMGNmcbgLr0lu2cCLGgyX7c9vsepmwRk8o%2FCB4DgHhnjVu4%2FqpzOyjIwaj17TzTPT4quKWQN4b7WstTXVRp4V%2Fd2Kx7G3krbJiQXzryuwwOqJOwHaQ3rCOsbeXWkolOfEoiMaQ1T%2Bbrf3Rpc9xlDrq9JKjRp2D9pkBhcJdqPQCXkTMM1plBQtkhaEWAH4rmffCJc2fRp53vU8KOS3e4g6wtALSv5SYzis5SVdiBAX6a8RV6t8HXqZa3NSP32GK7Hl5M%2FFIf4yGPCeFlgQd%2BW1h9K7A%2F0vSPti8cHY4o2fastwFFwWGfv9KvZGwQZiH8RfKp9MWczJVx813N1OtaLnkgIRpOFzCbaM6OU97uoPifjrJknnP8LOaOPKykvF8KiTAkgTBKCxuCPBLbUvY4CEIKvke%2FVP%2BgM94BPZkP5YJ%2Bex&nvMid=29030496586&catId=50001519
아이폰 13 프로 맥스 256GB [자급제],"1,790,000원",https://cr.shopping.naver.com/adcr.nhn?x=AJTVUrYoJfEfNKQgHMzoDv%2F%2F%2Fw%3D%3Ds1xZG%2FAQm14PRv6SmxsNUXFQ061PqVkPit1GP3HoWssKGgjNtjvRyY8TaEm3AQ5UwU3l5q8EvhBAeCJpkR1GItH7XiAfuDIutWziuY12Jubv1D26EGQCZtABPGbDx6MTdQW0fRD7MVa%2B5B%2BTN9ZZqz99%2BKy%2Fm0d%2BgYWHtEf61Jo5CNclKwvLyA%2Fys%2F%2FHPPajLFwJLY7jZl%2ByD9qyNvqbno2NmcbgLr0lu2cCLGgyX7c9vsepmwRk8o%2FCB4DgHhnjVu4%2FqpzOyjIwaj17TzTPT4quKWQN4b7WstTXVRp4V%2Fd2Kx7G3krbJiQXzryuwwOqJ5%2FtKC6C%2BsdpwJfKfvFxtR5J6FzsF2uQfih%2BYu8%2BaZ7xKjRp2D9pkBhcJdqPQCXkTK1s3piY0W43aIWUe83IvQj7sbyFHJqYOcBbuxBSuRu0LSv5SYzis5SVdiBAX6a8RKlG0H56J6GhRAoCVIyo%2FGe1iJjqSOPOSdnx5b1oBHB4PVL%2B%2Frl5PLPXtI0kaP8PkmKdeEMdUbtmzDI4Aa7HQcZCzs9h0%2F04dxB3j756UcCozxmj6gLmF0XauaDrARjjXjr%2Fvhuz%2FM2bOeEg7k3nONYQFXCj49ksLnydCw%2BS%2B0jUfsmoX6pJ4xdNLAAnWedFuzY6of2Xpggjm6A4Z8HgJhg%3D%3D&nvMid=29030294588&catId=50001519
아이폰 13 프로 512GB [자급제],"1,550,000원",https://cr.shopping.naver.com/adcr.nhn?x=7bSn3z9YhbPI%2FTXLVG7m1f%2F%2F%2Fw%3D%3DsRGlKDPavshhzIaG6LiwoAEW3S7R2g%2BEFzqGISl1pKkSGgjNtjvRyY8TaEm3AQ5UwB%2FXVe6ZYtcIiYqg5pjMQ3n7XiAfuDIutWziuY12Jubv1D26EGQCZtABPGbDx6MTdQW0fRD7MVa%2B5B%2BTN9ZZqz99%2BKy%2Fm0d%2BgYWHtEf61Jo5CNclKwvLyA%2Fys%2F%2FHPPajLiYCoXVZpYWHK%2BSJmDHKCzmNmcbgLr0lu2cCLGgyX7c9vsepmwRk8o%2FCB4DgHhnjVu4%2FqpzOyjIwaj17TzTPT4quKWQN4b7WstTXVRp4V%2Fd2Kx7G3krbJiQXzryuwwOqJj2h7zcwQ6%2Bl5DPWFk1Pg3vJydcDywwbiY%2BvNoxPJGaxKjRp2D9pkBhcJdqPQCXkTMM1plBQtkhaEWAH4rmffCKPHigOo5xnKft8ZmnUA%2Be4LSv5SYzis5SVdiBAX6a8RKlG0H56J6GhRAoCVIyo%2FGQ4xrz0M7tNFmv3r6OCk%2BJWZZd0C6e2Zyps4U6T5DErBvcQeIaAGIIQRnJcrzv7qxfo5YUQTxg8W6AlphhxTe7JP4PMPHCnudPTZjGRUD3iULBnkb7GsX8XdOoK5aByLe5t8QI%2Bhyl%2BxMK%2BwEHbfBKfE5Wuf98SBMUAuaLNH0fAFQdAiJdwXirBRdnaxfvrBbw%3D%3D&nvMid=29030416587&catId=50001519
Apple 아이폰 13 미니 128GB [LG U+],"199,600원",https://cr.shopping.naver.com/adcr.nhn?x=aQFfsJhR88VKYpg8Nt1y2v%2F%2F%2Fw%3D%3Ds3ihF2NhqAaM9g8mSYLDpqQbM58ZqRJSzeD3hTFhjLhxN4NgkrPIjlczCBjhk2dSMs6%2Fw7MmIJZt21YJGRd7FfZjq3dGC%2FlyMb01HERRtWuAEoqCtjzo5gmb08Nr%2BrAA9KCyiLpZixuXeg1%2BWCaajAsv%2BjB2erv%2BZ%2Brrs5VHOiTQgGE7%2BZatKjf5hEf1XctkKisqvSGbN8uI5tCa8RDIL0JbkCnZt3PKDnGtnPfTpWXV9gLRMuJH34gK%2BdKxxm2wLFf5AzegQPVDPnhtRgcq65asJF1TG8DXvuOXRWh2aiSE1QmeK3ZPITzKHcbEnR%2BI8qXYrBY1q5vn%2FiCVqjcNK%2BrNDe5rQ2yqEE5cwn00PlKDlp1VU53fqxlKTBT%2Bu6wKCmQQlALrJn1%2F1rZcmqLuzMYPk2vryFU100lCcPyTJO%2BBFx37WIyrziE4Ps6WrDu%2FEC%2BPCK4hWZVak%2FmlGHuf2bNKWMVTtA07HCUp%2FbeQ6Tv27A%2F0vSPti8cHY4o2fastwZMmmkrgdTPO06ze1EagDkmKhEMXYSqQJbQK%2FAS%2BJEyUSzxwVRNV%2FYRemZK5z1sCEgvxcEbapZfPopHEUJpnK62gxFsbzgMlsJmhU%2BzKbafzHICEQpPL7Rm%2B2fyhjEhHR&nvMid=29030431586&catId=50000248
아이폰 13 프로 맥스 512GB [자급제],"1,790,000원",https://cr.shopping.naver.com/adcr.nhn?x=%2Fco2qN24L%2FKoU4Fz7eh2a%2F%2F%2F%2Fw%3D%3DsADkvZv4uQDUJJMRZST76IW3pfkS4x9wDIPjFjrZLfu7rlQPyQuHoHFsppYbPEdHa0DoAoLr9fipE3jKQIUmcotZ1PQlWGdtC5avsixBct7Ad7CeWz8n2vTqfWxj%2BSZk7Kb%2FkuGjiiYPum8uk%2FAovVYZnlrSZr8PDPdBCvs8uWtdeJxHcKH4rYUhc5SxvGs%2FQ1l6YoWQhCMdLuiONCMVhkSJO7jbxAC%2FhHJnJbE9pD225SET%2FmTh%2Bwr3iKnDGr9FR8GvrA957ftdeGkKq5VS1v4L%2FgX%2FN7S6sKYesvImm6Z7Bz7%2BORHa%2BX777%2F5U82WuFRDpykpOqWZgZqWcBmVwRDRX%2FD%2B%2Fkli4%2BSI9VFLDDcvQ6JIeyjRJJG8AQSjlBThBKRuaDR2LrEXFDwvTptY5wkcumofbXYj946r2GYPS3uK4iNvEAyH7XT6ObGe95mRdUsw%2FEBFoDxdMAZ4HSpGP%2F1ooxK4oNyEnYnImnO7rEtZEWD%2BrNa4qE%2Bx%2FvqVwvK7Ta8jR8gVF8FlQ9pItE8Zzc8kDcOTltB%2BSxWBB9IUfXZmpaSnGaAbKLCtu6LJa0mpqhYnHIcETcJifOE8sb44IMxad6PNup6HEB0j9mW%2FJOKa55X7vSxQFe7AETydDLYxYBV3OdHgSE8LoEjTx9zpNPbFaRsOtQUnaEEbxBoHxZXOc%3D&nvMid=29029192586&catId=50001519
Apple 아이폰 13 128GB [LG U+],"147,500원",https://cr.shopping.naver.com/adcr.nhn?x=ymJ2I6iLIImiBOn0YQ8Xt%2F%2F%2F%2Fw%3D%3DskCTNL3cIaXc12mGzSKM%2BBJQk3EJrlHFDQW5hKxcFLFbrlQPyQuHoHFsppYbPEdHae7Lg%2FHh4yBLGE9TNqJmVoHBsZnXB3l13F9h76MUk2bgd7CeWz8n2vTqfWxj%2BSZk7Kb%2FkuGjiiYPum8uk%2FAovVYZnlrSZr8PDPdBCvs8uWtdeJxHcKH4rYUhc5SxvGs%2FQJT%2FLdyNAzMa%2BbHDFlFqnOiJO7jbxAC%2FhHJnJbE9pD225SET%2FmTh%2Bwr3iKnDGr9FR8GvrA957ftdeGkKq5VS1v4L%2FgX%2FN7S6sKYesvImm6Z7Bz7%2BORHa%2BX777%2F5U82WuFRDpykpOqWZgZqWcBmVwRDThNf8Te2YKFqzqKZOpGR%2BY6JIeyjRJJG8AQSjlBThBK%2Fkpsg5AguUQPduruz0ll4dDHJ4apF2nF3bp4PRaZAdkiNvEAyH7XT6ObGe95mRdUsw%2FEBFoDxdMAZ4HSpGP%2F1sIEbG6tsCQiDYFvBvlDNV1cZ8pgTGru4bgUYhRhw82xso069f%2BdX4gQRYEBtAOJXlh%2F%2BdeqJh7W2OSRwYLz7kmOv%2B%2BG7P8zZs54SDuTec41ymwe4YUpCVAj0Ug%2BERamg%2FhZ%2Fmo5ode3MbMUSkJ7UFbNjqh%2FZemCCOboDhnweAmG&nvMid=29030372586&catId=50000248
아이폰 13 프로 맥스 128GB [자급제],"1,929,000원",https://cr.shopping.naver.com/adcr.nhn?x=egpCqbRZY8YAIXifq2%2FyAP%2F%2F%2Fw%3D%3DsLBglz7r7acedB8S4F6y%2FPJvPbNDKQy49GVsjLByuHDpN4NgkrPIjlczCBjhk2dSMedIxi0NpktYu%2BH60%2FGmxo5jq3dGC%2FlyMb01HERRtWuAEoqCtjzo5gmb08Nr%2BrAA9KCyiLpZixuXeg1%2BWCaajAsv%2BjB2erv%2BZ%2Brrs5VHOiTQgGE7%2BZatKjf5hEf1XctkKCjNzjsdpE73XW2e7c9P%2FXJbkCnZt3PKDnGtnPfTpWXV9gLRMuJH34gK%2BdKxxm2wLFf5AzegQPVDPnhtRgcq65asJF1TG8DXvuOXRWh2aiSE1QmeK3ZPITzKHcbEnR%2BI8b2LqyOyOWW%2FDnf9AZgf8EBc83fnHPSnBT%2Fm4f4hRUqnYe9CsbWrnsboog%2B94RL%2FIIJqYij42qzXs9en11iGzhYRe7uHgyNF3WXsM9BHB6lpFx37WIyrziE4Ps6WrDu%2FET9Lvfhn9NmZebq06Rt58vYkgzN6tL5dh4yvsrQ4tB4rPU6pntGCurhu%2FV8uonTYh5X6MB3JdbnBohOi8QY2mslpDxsnahUpJHmoP1tWmJmw81Gi44tUFH1uRUKbnASPQezdPirNIEhU3YcDKwV2g5F1Y8PvSX9XAw7RqlZdA0H7Fso8T62x8FA85KwKPKeZ8hWw3%2BIByOa0jCVNQVnCDoA%3D%3D&nvMid=29030367587&catId=50001519
아이폰 13 프로 맥스 1TB [자급제],"1,879,890원",https://cr.shopping.naver.com/adcr.nhn?x=GFCv4PMDVr7GCUQFBBy1Gf%2F%2F%2Fw%3D%3DsE5TLbZyF6okMfKfGlOxuxrXedi7ydZ2ytZq15wNnNtnrlQPyQuHoHFsppYbPEdHan1245t3dk29xANmNTzGtN9Z1PQlWGdtC5avsixBct7Ad7CeWz8n2vTqfWxj%2BSZk7Kb%2FkuGjiiYPum8uk%2FAovVYZnlrSZr8PDPdBCvs8uWtdeJxHcKH4rYUhc5SxvGs%2FQpzgsJ2kpGxXbBjzCtpBxWyJO7jbxAC%2FhHJnJbE9pD225SET%2FmTh%2Bwr3iKnDGr9FR8GvrA957ftdeGkKq5VS1v4L%2FgX%2FN7S6sKYesvImm6Z7Bz7%2BORHa%2BX777%2F5U82WuFRDpykpOqWZgZqWcBmVwRDThyNhwJihKDERea5%2FKUYYA6JIeyjRJJG8AQSjlBThBKRuaDR2LrEXFDwvTptY5wkeka0Jkw1HaXkrcvTwRjPIciNvEAyH7XT6ObGe95mRdUsw%2FEBFoDxdMAZ4HSpGP%2F1pX9tJKCP7b5KKDylXiHlhEN%2FOXq06xFLlMCwNDQObjPLcqEhOiscytOptfh0D9%2BAhMvoWJm4MsF06%2BKgL3Nir6yp9mzCYyLZi9PYHGjXI3HEs8cFUTVf2EXpmSuc9bAhB2SgZ2ZyDvVDL8H%2FQqgR9xEL6JxfvQPyXZdCpSonq%2BVxyAhEKTy%2B0Zvtn8oYxIR0Q%3D%3D&nvMid=29029192590&catId=50001519
Apple 아이폰 13 프로 256GB [LG U+],"1,299,200원",https://cr.shopping.naver.com/adcr.nhn?x=QNMpDYdIjJytMDeON7j6zf%2F%2F%2Fw%3D%3DsXjbVMW3FGsMzZ5dh81F44d0XqIuRjYHucEOMUdsO7xqGgjNtjvRyY8TaEm3AQ5UwPakByVThMoIQquG8kchVRH7XiAfuDIutWziuY12Jubv1D26EGQCZtABPGbDx6MTdQW0fRD7MVa%2B5B%2BTN9ZZqz99%2BKy%2Fm0d%2BgYWHtEf61Jo5CNclKwvLyA%2Fys%2F%2FHPPajL%2FchmJsHbf2PpzOdNGLpJCWNmcbgLr0lu2cCLGgyX7c9vsepmwRk8o%2FCB4DgHhnjVu4%2FqpzOyjIwaj17TzTPT4quKWQN4b7WstTXVRp4V%2Fd2Kx7G3krbJiQXzryuwwOqJPFFJ%2FMrXaDLUaVjohgWHCazkzwTvVi2nlEIjN1fy161KjRp2D9pkBhcJdqPQCXkTzAmNCrr%2BriilNNms7VBuf%2BklN3nWUA9YlvZN1SuEICILSv5SYzis5SVdiBAX6a8RKlG0H56J6GhRAoCVIyo%2FGfA4uykOUee4ljrMNIwgjQiE4FQdvRmo7oxOSvwywmchzT%2F0SHiVSGs546tuUjm%2FtgoOXM3bFx7%2B6RJpoAyQQ40NauEcRynSn%2F8orOK7nc901MF2IvjnRAUwxnkCe3B8FBIeIREc%2BnPqiQ1wvGp1YnUDfkLIyuldBS3f8m8e6nLmzUhNzs2VE%2B%2Bisqs3JAEppg%3D%3D&nvMid=29030415586&catId=50000248
아이폰 13 프로 128GB [SKT],판매중단,https://cr.shopping.naver.com/adcr.nhn?x=5xhgjPw8s%2FAl%2BT6QYVka6f%2F%2F%2Fw%3D%3DsdWa%2Br8dU5dio6FEDIEou8y4Oxn%2BL86ndzsqfX%2BTlTSdN4NgkrPIjlczCBjhk2dSM47pevVoDMQC%2BmCoE71Pt55jq3dGC%2FlyMb01HERRtWuAEoqCtjzo5gmb08Nr%2BrAA9KCyiLpZixuXeg1%2BWCaajAsv%2BjB2erv%2BZ%2Brrs5VHOiTQgGE7%2BZatKjf5hEf1XctkKj4VCf1oecxDRz2Xr8EokFpbkCnZt3PKDnGtnPfTpWXV9gLRMuJH34gK%2BdKxxm2wLFf5AzegQPVDPnhtRgcq65asJF1TG8DXvuOXRWh2aiSE1QmeK3ZPITzKHcbEnR%2BI8AMjxN4tRdC8VObMB3%2BxKg0rg9Jmm1Saopbuo2OmGpUnlp1VU53fqxlKTBT%2Bu6wKCn2OCC7bo9E9xgH9o2QPREINhlwoJ5gfJg5spv6ariDRFx37WIyrziE4Ps6WrDu%2FET9Lvfhn9NmZebq06Rt58vcAd1loMGnbAg6635fmugIdJm%2F1ne9lUZdiLJ5vX8Pmzl9PttQ8ZKokC8ECOxerh18LSGId%2BZ%2FOYAjRfVwLnTYoqL9Hqyg37iIlC98ucnbDjzHqp57kDfQS%2FNMMcOPuW0vqyFgHJwDyN1fC1z4N1%2F3sdHI8FZtQVGFZJxOyBDKc%2B&nvMid=29030177588&catId=50000246
아이폰13 미니 128GB 공시기준 Apple iPhone13 128G,"37,050원",https://cr.shopping.naver.com/adcr.nhn?x=NdHLri%2Bt77VogwYmHlCdLP%2F%2F%2Fw%3D%3DspaO4DLRetDMgC2vcdqzeo2xyxoXMbzAmGQHSbPG%2BnzjrlQPyQuHoHFsppYbPEdHaC8HYF12nfBfRePfG1r9VSXBsZnXB3l13F9h76MUk2bgd7CeWz8n2vTqfWxj%2BSZk7H5eAFO7MI4HivklfTRr6bFNVcI%2F18ppt353%2FqRWzEBPXkj%2BZW%2F1lJfgqvRvZaBhR6oSEfvzupJmkIgdXgLz98p1EjSy7RTnnAhr8JKKCxOeVm%2Fcb%2BoHEzVLsBWk8bnMewGgMYsvq5lXo3wJ2nY%2FaW2vqR2unsG9Pw6XBns%2FftjJmn%2B6FVZ%2Fm0w7K7lHYQAO73i8Lafu2rm9%2BWEANyJteHgKHRS8YT71umzetkSGpF1Y66%2Bl3r%2BjVm6DxbRG7n64kxrjV86OCyp6tiGXVBQVoyasGE4uyxhKsa2R7hguA1VVH05rvNDz7PzAT4ZyM8uar3q4PoYurRN5RgvZBZ8jwUUne%2FfLvJNyYTsy0wCml6CldnvoolkKVNouiKxvFitIQClqs8k4TSvFNzIyqHZNFuEQc7NovqrVApEeRqLyizMb0I3%2BKyVeUCuENrJ7Vsoh4K4jtvnt%2BWbp7qBtDZIBjxkywVc41ileq5F19ayCIgJIOEsHC78VBLnFZh%2FnDobeN&nvMid=38665575984&catId=50001519
애플 아이폰13mini 미니 128GB 스타라이트 자급제,"739,000원",https://cr.shopping.naver.com/adcr.nhn?x=HP5DSJj7lLcBFX055VehR%2F%2F%2F%2Fw%3D%3DsEYqj9XczYMYvAZ58P%2BAXGFZPDzAv9qbvHvXLa9UxuVLrlQPyQuHoHFsppYbPEdHalwQ8j6D7gT%2ByKnmCdcuhQs%2Fut71TkTIUcLHrJ3I2z00d7CeWz8n2vTqfWxj%2BSZk7Kb%2FkuGjiiYPum8uk%2FAovVcmscUZuB%2FB3GA4tAdwd4kJn0E%2B7lsL8Xc%2FJzL4VwihdxHVte71hRq6EhkaluFxyghX%2BQM3oED1Qz54bUYHKuuWrCRdUxvA177jl0VodmokhNUJnit2TyE8yh3GxJ0fiPK3svhNCTnh0Os9E8EXlDYyE%2B5CkoWYVc43aNThz9bazf5S5ycDGuwbfEdv1A6kKwlvw%2F9sfq54NHjoh5AenrCZynhROaFFNF42zN8VKTgsEB3NE5VcqPvQCwJUFU0Myv6vpBPr3iuNjqwTlx38jq3ueBiLtSs12RkiCOcg8T%2F8My8ivsp8G9COZntF%2BgoDkC%2FvEVRk%2FE8aTkcUvIkm9EZtjhVwcyfudQ5BJWfcsi7K4655yKRBPl4QemJXmprgbmUExnR6uF2wEfe22mr994%2FxMj1cBGwE538Zzc0891wZhQn18%2F77e319CYUhK0cQDjZy8sARekz3cqx4uaUskJFYNUJgJp6CUXauCvW7Y5AjN&nvMid=85266284861&catId=50001519
아이폰13미니 iPhone mini 128GB 5G 미개봉 새제품 KT,"379,000원",https://cr.shopping.naver.com/adcr.nhn?x=RX3KIi1lSz3fG73wKZz08v%2F%2F%2Fw%3D%3DslhcbhdCiK0HrJ%2Bu5k8OvEO4VDGoMiAu5wtOGe7%2BW5hRN4NgkrPIjlczCBjhk2dSM6FvckOrHDsD9c7zZUQUA05jq3dGC%2FlyMb01HERRtWuAEoqCtjzo5gmb08Nr%2BrAA9mduMgy9zS3pv0gdKQ5ZyfW6IdemuhMaRXNFs4t7grWz%2BdsI0oBV0GFufH9Q6MaoxGhWe6l3gryO%2BXceY1K29QYy7qdPNlKCpEq4U0m1e09p6uaAOwkB99Rx3gBwolvCqZHzaykmN2JUwGaqwqESyszUjoCWtk4fBGss%2F4GTngiBPuq2LQ8Q1HP3QcKwtVYYJpjgHKNgQpoxcOw5N4afOEYho1sCq3%2BNi9uEK5BGfUuPffisv5tHfoGFh7RH%2BtSaOAFJNLWxG%2Fj2gEfGb7GroeFfqwy%2BBnIpPwPQmqGFwtdoWdqpx5FdOIJMLOsK%2FxyZ02HvQrG1q57G6KIPveES%2FyNoMBhghVgMHl8mktkkmD8ZwSg6kyzFGNPGl5RMWi85N8JueR1Czn2vr1F9q%2FS5UGzVNlkGi74mpOgU%2BEZjygkzykOB9TSI4QZnbHw%2F5tSdpuuORgUYZ5sBYR8a16azcZ2FgoOIaYb3w%2FVX22M880S796radKk4uAllREpZj1JJlDtmo9WCrYao%2FxWg7Y5%2FNoBohtPjA9PZFWriSd2EhWtRsuxkFZpZeDncqfJqo2Nj1XqQ9jvP9l6rj9Cbfcb26C8tVYavx%2B%2B8fWZa9SBc8rqM%3D&nvMid=44754706878&catId=50001519
iPhone 아이폰13 미니 128GB 256GB 공기계 자급제 A2628 삼사호환 핑크 pink,"787,000원",https://cr.shopping.naver.com/adcr.nhn?x=aV0UVKUd19MUiZaf8lDrEP%2F%2F%2Fw%3D%3DstcknNCZch8gwWhwho08hacinqsCb3VRAfM%2Fp9oykPHZN4NgkrPIjlczCBjhk2dSMgzr89F%2BUPHo373s6vPRyhZjq3dGC%2FlyMb01HERRtWuAEoqCtjzo5gmb08Nr%2BrAA9mduMgy9zS3pv0gdKQ5ZyfW6IdemuhMaRXNFs4t7grWz%2BdsI0oBV0GFufH9Q6Maox1Rh8%2FkB1tP%2BHb4XdKLn2iaDjLPA9%2FGErRTuF0Arya5OWhXKShQew5vgbUsrDCs%2BndVHOJPRcRXpzrSaf99X0tZxBs6%2Feo1ezI8h9PbBm9xZFXcQq8KH%2F8oNBATikFi5Z2%2FtHxWyi4ecAA5PxjZ7GMBX%2BQM3oED1Qz54bUYHKuuWrCRdUxvA177jl0VodmokhNUJnit2TyE8yh3GxJ0fiPO38gLOJ3%2FM9auwx4%2B%2F5KLC4mvwpJ7kd4gfkzJJuBeqU6nYt0P5vFdgOY0ddt5wMGXbTlFn%2Bts0Rc8MzwYYv3QiEQFf61ODsWp8oDXOu5i0%2FxPd3ui9LGryAblq47MVIYlflkcfNUhdvFdGsKLKxYobY%2BvZM0jW%2B5ge4OxOUWwsu%2FruL%2FZnGrQHdjXdsfI3AALBW5DxwXOu0%2BclpWzTPsVrgEyPCS2D4mq9I%2FFjqA%2FKwdTMfBRHHl%2BACi0MHpr%2BIH3%2BYUerJPQsVfsg5L4Oke4mjrgWQ%2F0JBsjHud4pzo5y1xkzUlCluniyu4yjYNxQdP0r7o3vWa6lusyvFYeE%2BU3juYnkc5YTbjBKURrQDe6oZgqgOvq6z5EpEI5N2xav1Mg%3D%3D&nvMid=44400889656&catId=50001519
아이폰13미니 iphone 13 Mini 128GB 256기가 자급제,"898,000원",https://cr.shopping.naver.com/adcr.nhn?x=0ovYnV1QH4XIXwUrJQLSgf%2F%2F%2Fw%3D%3DsJvfoKN1JGkyt4k4SKwT2rmjzzF9iyGft0oYy8fzhhwFN4NgkrPIjlczCBjhk2dSMDPQKztbRMKijQW5eFSlQVJjq3dGC%2FlyMb01HERRtWuAEoqCtjzo5gmb08Nr%2BrAA9kR7gqfQt8tYoqqkfRje9dmm2qNT9s19RcV%2FLq0sLCrlNS2Cn4xJVUA8xote1LMi9GqObnXJhzWdesvQGYfCL40o54udHobs72aDE1SqTJ2Mta%2B5zPZQ9aOw9Z5K9Tm%2FTIOlbMsuKyCmuFzgBcKIaTWhClBENmk927HICI6BGv7BxAUuG8VoVhP7AA9D9PzSw%2FfZzWH2i6kW2lifkD34JNvziKuqi6lvlwe2gIVAf2UAlXTdy6Sn%2F2yromYu89VyU2mF2cQPq2ROQi08O08aTTrx1ELQN5JvCnjFuQG8hJJF%2FlLnJwMa7Bt8R2%2FUDqQrCsF%2Fear0i94TvLC%2FvrChauRXU7T3bkaz0QWitNz5oA4uBzkUeIkmcrfmfbKHs8oAMUWnlxAMtIoN6QZNp%2FY0ug8hiOEMkp40Da67jMVTGcjvRaQXb6ZAw2PNB1%2FW%2Fi7lLXZ76KJZClTaLoisbxYrSELw8mZdJRdw6wYAIqplqUw6eCV9X781%2Bj%2F1qryCSqaHqGiG0%2BMD09kVauJJ3YSFa1OAcAjipzQCP7LHOTiyxlYfrA18lQeKt%2BF3MMk7jxfz8y1Vhq%2FH77x9Zlr1IFzyuow%3D%3D&nvMid=44971322755&catId=50001519
Apple 아이폰 13 미니 정품 128GB 새상품,"190,080원",https://cr.shopping.naver.com/adcr.nhn?x=V98VGzf9T88xX4j4Y%2FfWlv%2F%2F%2Fw%3D%3DsVwyVf85fDUjxtTj9sId3BFmWccBuv4LHgHrd7mgs%2BxJN4NgkrPIjlczCBjhk2dSM1xRNKA7mPQRsPwCk5lL%2BZ5jq3dGC%2FlyMb01HERRtWuAEoqCtjzo5gmb08Nr%2BrAA9kR7gqfQt8tYoqqkfRje9dlVYZ5bt8C2qIgIK%2BKcb50OQ5Hn22Pw%2FjgdMbqt66tJcJ0jYVH6Yd%2B%2BgyxHsXWcL6P7QFvv6J8GsrVEj%2FaLQuFNPkoMHZf%2BlFTdoL%2Fq%2BvITsFf5AzegQPVDPnhtRgcq65asJF1TG8DXvuOXRWh2aiSE1QmeK3ZPITzKHcbEnR%2BI8445BeUkqjJSwHLBxQYrCxC2bt7CadfZCXI4R7XjqnYrYe9CsbWrnsboog%2B94RL%2FIBXAUmjrsghacAYysK2QyY4uiB02Mc8O9DYrvw7AccVHGc4rMR7shA2z21jJoflWDZiRokNq8RmnHQeoZF%2Byp4AZGes90h0bzKtXPJh1g%2BegdoQdD7z4VTZnGHOZl9gKWUV7aO1SA6INWCThsaOwKr4efXPSNRnbIdof7NfAHjdyPBimPDZwOttZjcrwUclZ99j0DfdxvNfaHe1kDAnWzG5RJLMHgFQaaEBJXbpuDl6BoaKZHilHbuauHUigNM5KA&nvMid=43782757866&catId=50001519
애플 아이폰13mini 미니 128GB 핑크 자급제,"739,000원",https://cr.shopping.naver.com/adcr.nhn?x=tAXUNzj886uQsbnhYTZLfv%2F%2F%2Fw%3D%3Ds5dmfoAaw1LQyNiEdjW5Lmn%2FBTAfgKTIn6u%2Bdu3iqHR2GgjNtjvRyY8TaEm3AQ5UwEBcq1YMhsFEoQIUBipWNaH7XiAfuDIutWziuY12Jubv1D26EGQCZtABPGbDx6MTdQW0fRD7MVa%2B5B%2BTN9ZZqz0S%2BortKzfQDWBF5GV%2FKfqEhJv3ljJo79VVIpj6%2Fm3WOXOfq40cUtuDSg1ovkFl9OjFf%2B4aHeK%2BpMedAbG0V1FZD4P%2Bj2CVvS6QkrpszyaIoCuwrUM2Vi5bq9fxYHuPhKbPHfUlEDbNi5vxxQiopHopkavxZydohLvJWILM7TGz02HvQrG1q57G6KIPveES%2FyP1XyJh8RVHo3TfkaN%2BlWc%2BgToRU14MUcBEHuJwObtpx1N%2BL%2B8ZmM0Nx8bo26nF%2FqC20fZoRxPKOGVk1zbggriMQFnITNU2qcLkychrpTBoDFOChvrAEYCTksGcG%2FhmrIANOG6UbBu%2B%2FU%2FKcU1V7bmuc0J3GiNsS8xCXoycxeYn7kAlOKwPahCEyYd9E%2Blamjt86cuDAThAb0hdnO01LL%2BR7ffXrY1TxIGe6KRIMULVdQlj%2BrCvDfcunieFC85RcJIKoDr6us%2BRKRCOTdsWr9TI%3D&nvMid=87091267964&catId=50001519
"애플 아이폰13미니 공기계 IPHONE13 MINI(128GB) 휴대폰,알뜰폰, 자급제","440,000원",https://cr.shopping.naver.com/adcr.nhn?x=B56ZiE29RissFZNTlQPc8v%2F%2F%2Fw%3D%3DsIjQxQDQ9F4vonDdyIvN3YhH7pW%2F13ks8erSwMmGKuEvrlQPyQuHoHFsppYbPEdHaA6Nme%2B5X4FtRvyfeL3W7DZ%2BNJoDQBTiB2JPBy2F5Chkd7CeWz8n2vTqfWxj%2BSZk7Kb%2FkuGjiiYPum8uk%2FAovVevO%2FNkgoZhttO2eQuQO0n1wAZkqH9n7Phhue9qbBfjlymFy6eiYdWl83Q9vlksIHKEpLRYhxOOERNmf9LdnkBt4LJ%2Ffi5i%2BNS7%2BLXTrvyABi1BB33O7OReIl1azRmSOFFr6hvPlORZvyZD029UaOGr8uiZ5iy7SD6RmHIZ1xxODsVujhapfLFknyb89TeTaxoho1sCq3%2BNi9uEK5BGfUuPffisv5tHfoGFh7RH%2BtSaOAFJNLWxG%2Fj2gEfGb7GroeNjO%2FeSEEJ7IUTs48Ki63urJXkzRIWupeuf1f9%2FbHIlUV36ogsAbT2GMBHUreotiQL4EEoW5Bcc7duG0B7dtC1DBeguWARWrDGKA14Yv1fekgmcdJrKIPVadS%2FhmPKOFo6JMp%2BMZICfTcLrkQiQJ%2BE%2FNCgvLwjrRmcDPU6tmIfTQv18ZAGD7ytJm0CpYLfwtww705LgWiJqGRDjlWGUaiOKOeT%2Bm1F7xV1W9KECna1hIybIO%2BmXkNZ9Oz13KGg6E87m7vuYQI2kzF0qeScWmuVp8CXl251OpmWizflz2KEWcD9ePd%2FYRuf4YM7SS1FRIx4TJhJc0yVL3U73LmtS7wsvHICEQpPL7Rm%2B2fyhjEhHR&nvMid=35130236444&catId=50001519
해외아이폰 13 프로 자급제 128 256 512 1TB 언락폰 미국 수입 정품,"779,900원",https://cr.shopping.naver.com/adcr.nhn?x=ebE0GpfIXpqgW99zVTnR5%2F%2F%2F%2Fw%3D%3Dsv03GKqT3Qr9y6X7gz3ydsAX9%2Beqt%2BPAR36927VhnRFtN4NgkrPIjlczCBjhk2dSMHC%2FHk0Td%2FpBa56AcymGf8pjq3dGC%2FlyMb01HERRtWuAEoqCtjzo5gmb08Nr%2BrAA9hHjdAJsXOtkx%2BOvefsASRsVIhUTYq2J1wF4XcKD2AOWkOA3ZateG%2FY8eKxwX1E0NWc%2FNzFJYErKEoo8VOANizXCSdRKpTqqZtYULK3F1Lm%2FDpmNu2Rs3tEPrV0ZTODsbWqyaFa2xLbpwGCJChqMDqsRxtQLwo%2BJEZc7mPLegbvYelgxWfxrg0wWQizJLvmxeG1fUqIZ7CTqeNBeEUiuIjQdoAFGmqzLXbO%2BURXFmtwDN81WjUpxJVJrN5mDsz4Bppxy2zgNMJa1at1GSrSd0QITLwy40nhlq0ZZRG8uHBZsd9OYD7wvVxQgKPR102MJaY74ZvNXCXwum1ssFqdx4cOh00%2BXWXczVSE2dvw6uOS9t6iFxIhOwitg7LRdLI2YlUEw8S1aSXLhzvjg8X37WG9Of4i9zFrBXE2548%2F2S161ab0ZrgG7JZfwuyo0qGrVpOnpNlZEA9h2%2FuPDaE04LhLCUCEizNzrg6qjt7sqk6B7HICEQpPL7Rm%2B2fyhjEhHR&nvMid=87482545483&catId=50001519
아이폰13미니 iPhone13 mini 128GB 256GB 512GB 공기계 자급제 A2628 화이트,"787,000원",https://cr.shopping.naver.com/adcr.nhn?x=dcW6EOJ3jxRFfJ1LRPchOv%2F%2F%2Fw%3D%3DsJ%2Bpd0mhMW1Irz8aRZLk1iC9nYcPIWIlA3S171%2FK9d7nrlQPyQuHoHFsppYbPEdHanDjCA4jEzXT7Z0VyHrL2Esd54vyy75cXo%2BY0S3JpFqsd7CeWz8n2vTqfWxj%2BSZk7Kb%2FkuGjiiYPum8uk%2FAovVePYFsKOGABFhj5ZzjFkFAeKjyp0s01e9YG50wI1msUPlqPwqAOr9OJTC28vx36ivSngx5JcStxGofmT%2BnoJiqaZz%2FDQVh%2FkLDYr7Kne47COVH0OBUCyx2DbM%2FoyPrc%2FnY%2BCCcpYE6DWmSrutLngJWKhKbJewIc4UFou5gBHYmU5m%2Bm%2F4FBDBqiP0y%2B9g9Nva1oHULducSEoKUDXsSCFjZOC%2F4F%2Fze0urCmHrLyJpumewc%2B%2FjkR2vl%2B%2B%2B%2F%2BVPNlrhUQ6cpKTqlmYGalnAZlcEQ19cE0bNHEza31UYk5KkHRm3%2BU0ZuHm5HqkeecUzAqVozoshfkrg3u4udrNaIg9pBQ0gHXI5GNAZggDR%2FgKuar6eTxswSpjtmly9xBJ22QymL%2FJXptxW3ePpx8X%2F3%2Bn8h9noY9U42bot%2BhD%2B97IQiLV5ff4A7NYW29A8LOdEvJyL1%2FqAy6HUiwt%2FIXZ1XA3KPiJIZaJuvoMJbifCxCpbdGgXZ76KJZClTaLoisbxYrSEP6eOAo%2Fz7AIYS5JXDslc8cEGLfwMRS%2BZVjBuOoYpZYBGiG0%2BMD09kVauJJ3YSFa1KcXO86vpJx9L3Q4OzM1l555rOF%2Fwzw6lTioM%2FqhWiBXy1Vhq%2FH77x9Zlr1IFzyuow%3D%3D&nvMid=43865588471&catId=50001519
애플 애플 아이폰13 프로 (13Pro) 256GB 자급제폰 기기변경 KT 직영점,"388,000원",https://cr.shopping.naver.com/adcr.nhn?x=7vSyQMFb9VCntk0C4xNKlP%2F%2F%2Fw%3D%3DsruY%2FdldhetPd%2FvtCYxD%2BNmIfPByxZkUXZeWoS6P3Jt2GgjNtjvRyY8TaEm3AQ5UwP2jE9hYL9I8EaHkpozujh37XiAfuDIutWziuY12Jubv1D26EGQCZtABPGbDx6MTd2f7hQKInmoWOdxd98%2FVB38NHgaylo8oOLD%2BoSlOgwQ0CHQNNLjv%2FUbY4TLZErh461tlHnLGeH66LUwoQyPsAcLm1XqA%2Bzk8P6%2FY3qf%2B7b4mxL88NxeQKInzHvW9kOBeLueCfFDuywxl3T1PQ6PKMjF5qtMG%2FJ0PUtQjclakIAMjAMqgJjK%2FY4b7AGcTtyeFM%2B7jB1VhXzkM0R6YdA6grP%2FXB4m7nCt%2B9FQWAi7AA2KiGHVDOkn7f1QQ95OyVLZv0tAyLH4krdKJGz3Ch%2BOvRWJK%2Fvswp1de1u13FUfBXK7L0X42k%2FBckeZhywkyvb1fDD7kZLB013vW0e14edtQzSet3NUsjkTVb2bXVZECmd%2BVW1PGJRaj7cap0I9XfbYUpXZ76KJZClTaLoisbxYrSEMFROLqvoDSpBs1RWpvH0%2BA81Gi44tUFH1uRUKbnASPQhgL9sQPcYLlZAiSaaH3d7qxx5dNdEv7Qps0LogDHXWmr0cuJvJQ1FvxP7CGFgSf4DhLBwu%2FFQS5xWYf5w6G3jQ%3D%3D&nvMid=39558601637&catId=50001519
Apple 애플 아이폰 13 미니 128GB 그린 자급제폰 코스트코,"799,000원",https://cr.shopping.naver.com/adcr.nhn?x=WV89aCSpGp6UYSme2wYFBf%2F%2F%2Fw%3D%3Ds33atoXLsWb%2FstYaWho3SSAVvIPfKpOIExuqGg%2BNOMgTrlQPyQuHoHFsppYbPEdHaBKC78EFe9cx4hahbEcPdzNZ1PQlWGdtC5avsixBct7Ad7CeWz8n2vTqfWxj%2BSZk7Kb%2FkuGjiiYPum8uk%2FAovVcmscUZuB%2FB3GA4tAdwd4kJn0E%2B7lsL8Xc%2FJzL4VwihdAPpVUYn7AXEjFpQjHT3sVBX%2BQM3oED1Qz54bUYHKuuWrCRdUxvA177jl0VodmokhNUJnit2TyE8yh3GxJ0fiPBc5XwLySQ7fgWf8TpLprkONdudlgjTr6YkxBqaCuprOx72P1MzfeDsyK%2BcBtz34gH1bR9GC5dhulSzsJeS69f6Zlk041W8NnYrrLG%2BAO1I5HQRvgNsE0JuPkgkBl%2FfiUHwlpQlcT9Xcklcj8z0K4a8%2BkYknfVDMZuMqsU6f%2BAmyeCrLyiaUP0wIh%2FH1MlwfPeeFCQiAtfaNhjgKsEuSckcL6nrfebnckJCqgqS%2F1UnIWTGDDyY7DvimkwXXVnCLxzYhYCKekPCDvbTMF%2FwJQpeYZECnXyGWY%2FiUb2vpu%2BhC8QgN1fGEGXkej8K%2FCeJ5UEZQQXcJv1E5dY5HUfykaWXke%2FVP%2BgM94BPZkP5YJ%2Bex&nvMid=87213463845&catId=50001519
아이폰13미니 iphone 13 Mini 128GB 256기가 자급제,"862,080원",https://cr.shopping.naver.com/adcr.nhn?x=a28GGPxtqd3f1wV8g%2BwInP%2F%2F%2Fw%3D%3Dsglmaq1hNrXrPpsosKT8LY2d4iWNtks7ThCFOziL8tmZN4NgkrPIjlczCBjhk2dSMGX623L6pVaNvwGiGyU7xtpjq3dGC%2FlyMb01HERRtWuAEoqCtjzo5gmb08Nr%2BrAA9kR7gqfQt8tYoqqkfRje9dlVYZ5bt8C2qIgIK%2BKcb50OQ5Hn22Pw%2FjgdMbqt66tJcJ0jYVH6Yd%2B%2BgyxHsXWcL6NCthqB%2FmfviFBTtJQACAtFPkoMHZf%2BlFTdoL%2Fq%2BvITsFf5AzegQPVDPnhtRgcq65asJF1TG8DXvuOXRWh2aiSE1QmeK3ZPITzKHcbEnR%2BI85tq3VuP%2B7m1HrvbiNcmzXkB%2FUn%2BQUrA2FFh8BCiiMaPYe9CsbWrnsboog%2B94RL%2FILAaRU3tKPqaWFMZYuyrpe9LT2RVDuqc%2BhRWH5Cvos5Hwm55HULOfa%2BvUX2r9LlQbApCoZ444xt3aGpaFoAyYIL7x%2B%2BlWs%2FLl8OV5L11axEKewXv0%2Fk7kzHYYOgMrQdFvuvxIx9QzrNGJER74pRDPALIpgcbQ3subLkNMJLWn4NXTn%2BIvcxawVxNuePP9ktet2zb9oW1BM5GXIm%2FHuaQGwhBTX81Suj09Qa7sZUfYdI6jUl0SKHX0KQjtUW0sp54aQdAiJdwXirBRdnaxfvrBbw%3D%3D&nvMid=44970352961&catId=50001519
해외애플 아이폰13mini 미니 128GB 자급제 미국 언락 수입 정품,"529,900원",https://cr.shopping.naver.com/adcr.nhn?x=1W7iSaaie%2F9KGGS2fp0Rsv%2F%2F%2Fw%3D%3DsKtO9L58uSmtj2fgYh0vjWLuyR6PFNTKrH0CtCHC6Xp1N4NgkrPIjlczCBjhk2dSMwNZrVRXwdvqsyHq4Ga%2Bo6Jjq3dGC%2FlyMb01HERRtWuAEoqCtjzo5gmb08Nr%2BrAA9hHjdAJsXOtkx%2BOvefsASRsVIhUTYq2J1wF4XcKD2AOWkOA3ZateG%2FY8eKxwX1E0NDa1FnwM2AevBdOzKAWveHXCSdRKpTqqZtYULK3F1Lm%2FDpmNu2Rs3tEPrV0ZTODsbWqyaFa2xLbpwGCJChqMDqqn%2B078YRgVlfNSCOpvLKScelgxWfxrg0wWQizJLvmxeG1fUqIZ7CTqeNBeEUiuIjQHgQtlEqDCtXMvDXhzk%2BYjN81WjUpxJVJrN5mDsz4BpfLqDwX4Z8OBT81rUdqGPg2BmoeuZBMOm%2BZFoQSv%2FsCW9ZRTj6jAwxDdeABDG%2FhUQZxMxxV5YmEFiWf%2FRoeIaeqY1LOtWN5bytVEsMocMWBKb2V2DAKhjw%2BrbpGo0kR%2FqTP9STDXC0pXRb5I3cxrDQLEKHCxBhmtMLJXh3NqRZK0R0QqUTmcsyM%2B4G46ovp4A5Ea5UXZFEs08fSpWAnjmvXms4X%2FDPDqVOKgz%2BqFaIFfLVWGr8fvvH1mWvUgXPK6j&nvMid=87449462375&catId=50001519
Apple 아이폰 13 mini 자급제 128GB 미드나이트 MLK03KH/A,"722,000원",https://cr.shopping.naver.com/adcr.nhn?x=orfBZkhH81wDbTRicyWt0%2F%2F%2F%2Fw%3D%3DsvDDgt1Emknyfotm5Yozg5iTOqy9mvr19IeDWhp8dT0iGgjNtjvRyY8TaEm3AQ5Uw0cHg%2BcqyGHprFxIR3qFAsX7XiAfuDIutWziuY12Jubv1D26EGQCZtABPGbDx6MTdQW0fRD7MVa%2B5B%2BTN9ZZqzxzWbUP4hsfkDiMh%2FeiprrdhOluJ1tWQQiXRTgst1zfMpht6wuC8Q5gPwch3IHwmw0AgVWmd2pc4ZePq3SVamugaPdwhQCygJ4FyDPiw1RAP1qZ8qGktvuxodltlFDodk%2BPv15MoZGz90Ju%2FgL9pbABh3DMDD7nh%2BSJiAtPKB8AjVOruJOVEnSGcgdhSWbQoTYDpS35lGpaWa9WT20HX3yCC%2F4F%2Fze0urCmHrLyJpumewc%2B%2FjkR2vl%2B%2B%2B%2F%2BVPNlrhcs7c4zQHpH44RmEv3kvoyJO2UXGHOAY1xmx46dcDWyXhqQvwmR%2FqlT0jQuNbOPrwqADxPgpFF5uZLD%2BpW5YUEk2cLYHBYmezQPuSWTKF4u1QQW2C4Bf5WgLjxFANRCOy%2BALcZDY6UIIdvccV8Pm3ZMrTKx1kTybmgZr0FMWAZQjuPll5SU83%2Fo%2B%2FSyVDNJXH8vOzlGViDp5Him4x%2FcviOl0oFloEa2o9cF%2BNiKUvFjZyZH78rlILRs%2FCKwB0MAsbjzUaLji1QUfW5FQpucBI9CGAv2xA9xguVkCJJpofd3uhbxJ0fOWP%2FT%2FKuDf9WLFulkzlF242%2Bdee%2BcSlMYEiFAOEsHC78VBLnFZh%2FnDobeN&nvMid=46211045565&catId=50001519
"애플 아이폰13미니 공기계 IPHONE13 MINI 256GB 휴대폰,알뜰폰, 자급제","550,000원",https://cr.shopping.naver.com/adcr.nhn?x=oyHCRhW19X%2Fx%2F4VKJiDc1f%2F%2F%2Fw%3D%3DsxNypNgdwvFEsm%2BA103nNpLJ0bj6grwamHHsfK9cu7NhN4NgkrPIjlczCBjhk2dSMI71hjny1KW5GyFb9Kz1DJZjq3dGC%2FlyMb01HERRtWuAEoqCtjzo5gmb08Nr%2BrAA94mwasZgiZwMWjY8gMrVsjmVRE3J1O0K4DpD%2FaLo%2F6UCjGJVJDMGFMNzS3LuIAkRhkqadXofrm5m6%2FGBg84OUrmYzUvqATviGpHv0GOmWepx0c9hvI2AGM%2F%2BiYd76N2ggUDsWmBA2k9o%2F5OgDQCtJTD6BiyiigsSaZqaREDJ%2BjZNCvu%2Fl1%2BEhDuhXdVwEMt6RBbiQoFLO8foqmy1mOoEDWQJGrqyC4wA80NZV00p7tJVVXemfpmeX70wC2wQT5nyi5pxiwDZPU40LYzhHX%2FcRvxcqSPg4r1RzLCKfHsr0Kp2CHdzhKQqByiNvuNE1EJjAvX82Y5Ils9cLeBDu1LyZBwtzxJP9dZgq2ZLZqLLpPPoUIkt5M0yIil13vZMydQVHZlPNCb8kJM%2B%2FUcnhnBT43zUZ9gWOJ%2BNLTUcqcBBuD5XwrOMbgF5WmU0EPo885X%2F%2BUq7LuCgLM3wQXOublJw3q6Fp33J6t2VX7P8WdIZr8bIeu9PSvVYZRPMw55ijdbnvJS3pEraHxg9suIbK3jZVQDYhYCKekPCDvbTMF%2FwJQpc2eW4M0c6Y5OQEbTrDBZPmSH4UzU%2B8BgspClRGaDt2yDTDPe5UOTzHhQDfZl29ZOQdHI8FZtQVGFZJxOyBDKc%2B&nvMid=35130319837&catId=50001519
해외아이폰 13 미니 자급제 공기계 카메라 무음- 색상랜덤,"498,340원",https://cr.shopping.naver.com/adcr.nhn?x=vZL0Z2uYJg2wDJo71fmV5v%2F%2F%2Fw%3D%3Dsyd180TRT%2Bgjbr5pUBBdRl%2B7k26P78ERC5vzHsTo1CiKGgjNtjvRyY8TaEm3AQ5UwPXY12JgGlVhBIhuCoae7mX7XiAfuDIutWziuY12Jubv1D26EGQCZtABPGbDx6MTdQW0fRD7MVa%2B5B%2BTN9ZZqz0S%2BortKzfQDWBF5GV%2FKfqEhJv3ljJo79VVIpj6%2Fm3WOtspv1O05Fl43v5RBiaQ7xTFf%2B4aHeK%2BpMedAbG0V1FZD4P%2Bj2CVvS6QkrpszyaIoCuwrUM2Vi5bq9fxYHuPhKR%2BwXQErOyNBGNxuqqvkgkXs4zRQaC4jY0OmWD5%2BpBYG6nYt0P5vFdgOY0ddt5wMGZEEDCKsHOckPpcTxg4%2BptjlUNFAOMIhfgasqz%2Fb%2FwxW0ZxKkCk8VxpDJKumwwyjofnzXJnHRvP%2FrNGxW%2FJi%2BQY1ERT0dbe1brnclN9dM0yxkpmlYgaWsZnmsQNb6MThv%2FcUkTJIAjmjZhR41brHd%2B%2B5FQOJ9QfWqOkMV1oNM%2F%2BtLCmFqFRFT9FoQWbHCAV2qrEKHCxBhmtMLJXh3NqRZK1vGuZyuO59SJlvjt8N6jn1898lvZq%2BBSWlwxbURLXgn16kPY7z%2FZeq4%2FQm33G9ugvLVWGr8fvvH1mWvUgXPK6j&nvMid=87247782221&catId=50001519
아이폰13 iPhone13 128GB 256GB 기가 정품 화이트,"818,900원",https://cr.shopping.naver.com/adcr.nhn?x=%2FaDPhOJK2DGiBOwYhrXfNv%2F%2F%2Fw%3D%3DsO13uhVsDf2hxZ507WVnkDP%2BTFVn3Ll2i7gXcRUxRWPnrlQPyQuHoHFsppYbPEdHaYpN3aK1CJfLp1avKLNvgCrkQDNtT7AQeXWeaz%2BlynlMd7CeWz8n2vTqfWxj%2BSZk7Kb%2FkuGjiiYPum8uk%2FAovVePYFsKOGABFhj5ZzjFkFAeKjyp0s01e9YG50wI1msUPAm47ARQIkWKcICstQ4tLyizQ0qN9fdOw%2FXHHrywVAlNQJiQoup0RPxuc7DjCuk2ohff6q7qbNWVUG%2BGbrAo0clRvPCBvhY9uP87DTzgbhYCTORV2wJEVGmHFO%2F80dxh%2BEFueA9u3Qx2ydqwA4y7Il1oHULducSEoKUDXsSCFjZOC%2F4F%2Fze0urCmHrLyJpumewc%2B%2FjkR2vl%2B%2B%2B%2F%2BVPNlrhUQ6cpKTqlmYGalnAZlcEQ05TQi1mSz2L0JnRkye418T3%2BU0ZuHm5HqkeecUzAqVozoshfkrg3u4udrNaIg9pBRgU9of2%2FYydoOJc3OmgQQKeTxswSpjtmly9xBJ22QymJ%2BNoa0Kg81iD%2FU5%2ByskTax5fmOKnO%2BZcKz5m281DI13CcIntGvEgKJQzYRHhpBwmgyNjJ%2BUqwmyKY0jQE84v9dLlmMVQQBpcXmxhpN%2Bb5EwLPR%2FTDYw6zZHUZy6LuZIrXwJeXbnU6mZaLN%2BXPYoRZzPSnuYHD4aU0Z3G5XZEvHxikscE2z2k3tsPUFWa2YmxscgIRCk8vtGb7Z%2FKGMSEdE%3D&nvMid=43548913985&catId=50001519
아이폰 13 pro 256GB 자급제 미개봉 새상품,"1,222,680원",https://cr.shopping.naver.com/adcr.nhn?x=QcIBlu793JfmHUDsr%2B%2Ff5%2F%2F%2F%2Fw%3D%3DspGxX%2FfgMHGGuQuwwkgP%2B8Lrdi2qVaNhfVzGj5kSp8%2B2GgjNtjvRyY8TaEm3AQ5UwZTh1qJVBHKoVUT06htYePH7XiAfuDIutWziuY12Jubv1D26EGQCZtABPGbDx6MTd5Amf%2FqghsIBwBh0DFPxWqFi393%2FfVqWWsor6vo8eno%2BO%2FsdgQE5FIA0Tw1QMogpFnkAVjTJ7E5Ipn8epL1YsLBjZ6zBSVWKI0jmv1bJC%2BZYXEh39AMP6kg1dNzP4eN4TIBV0A4bGm1B7pIlESi0J%2BAez%2FY8eSma9aMvarLWce5vaAFJTT522WqATiSCy8yGGKCUdJS%2FEqIp2aulcKWRFj9h70KxtauexuiiD73hEv8hMkaomPFbLtVywKs6EshZrg%2BTa%2BvIVTXTSUJw%2FJMk74Gm%2BWZ%2B%2FebxNDvJ%2BgQ6CNCJ99aap6n%2BNKw%2Bz5v5A10LcppjOQswGvGY53%2FK25JDrFzulBXMG7WVUNNGPsx5675cE%2F%2BEVx7DtmLyaruokXwutHq1EgkOBguNIYApDgX09yMKR3YKlD9qGAl6gX9HvZO7JvjErcmz77L3WNgEjfRQEdIAEpcH6pJeW7G1Lrh83%2BFaFndIwdNwuWmKtx1HNSCrUkiyUGZ3FpPHvE7X48%2Bhb&nvMid=32442406186&catId=50001519
해외아이폰 13 미니 512 GB 자급제 언락 카메라 무음- 색상랜덤,"811,300원",https://cr.shopping.naver.com/adcr.nhn?x=0lqlQl2EJ39IFTkI38BJOf%2F%2F%2Fw%3D%3DsJS1abEAjs%2BFouihLj%2F3zz9YETdy9rynB%2FsTtSYfBRyKGgjNtjvRyY8TaEm3AQ5UwhNU5tVOCbleTH6r5Tpq5Kn7XiAfuDIutWziuY12Jubv1D26EGQCZtABPGbDx6MTdQW0fRD7MVa%2B5B%2BTN9ZZqz0S%2BortKzfQDWBF5GV%2FKfqEhJv3ljJo79VVIpj6%2Fm3WOKqgOMiinWoW%2F9LY0EWKsKTFf%2B4aHeK%2BpMedAbG0V1FZD4P%2Bj2CVvS6QkrpszyaIoCuwrUM2Vi5bq9fxYHuPhKcOWMIudDLjT4k574lGNNExdwZmswzIv8VKH6GkKpojx6nYt0P5vFdgOY0ddt5wMGXPJVGvOTv%2FRRo%2BIVIaHzovu4VT%2FBIV0%2F8h0O1wfFBgn0ZxKkCk8VxpDJKumwwyjob9HvbO%2BPSh9saRn2kFOiDiSxcFziLSGSWNYD1yya%2FC4OT5Cupm4ElWFIB1W3uyi71ZYjorozFU6C81x%2FO2oleAL6nrfebnckJCqgqS%2F1UnIghB49khaeZqJ40fE9wyDzTYhYCKekPCDvbTMF%2FwJQpeLf9yIg4sUJX7elk9ETCl3n48O07jhHKOFGdcAodqkBxPnsBWcdcdrj6%2B2LGVjd%2Ffke%2FVP%2BgM94BPZkP5YJ%2Bex&nvMid=87524877204&catId=50001519
아이폰 13 미니 256 GB 자급제 언락 미국내수용 카메라 무음- 화이트,"657,490원",https://cr.shopping.naver.com/adcr.nhn?x=yiF61L11CN5pi1xlFFcpp%2F%2F%2F%2Fw%3D%3DsC%2B4qDCsozWfEByz01ZdQO%2B1Ax99E6ih67i%2FIXUyEix%2BGgjNtjvRyY8TaEm3AQ5Uwdh1nWFIEM8Sg9BaO1VQqsX7XiAfuDIutWziuY12Jubv1D26EGQCZtABPGbDx6MTd2f7hQKInmoWOdxd98%2FVB38NHgaylo8oOLD%2BoSlOgwQ0CHQNNLjv%2FUbY4TLZErh46xg1rJfu3qIEcAFem9RreulVJHnx%2FPyKyIqUqXssfglmxL88NxeQKInzHvW9kOBeLueCfFDuywxl3T1PQ6PKMjF5qtMG%2FJ0PUtQjclakIAMg%2FxQvzMRS1ifVPNcBH7m2V%2B7jB1VhXzkM0R6YdA6grPwEMKpgpX4lgpKmhfICAvOYkWQzmN9%2Fh4L5cS0JQXpSnmBr3q%2BROfLpCp6CYDtou3sl4EIe2oh1wmuXBteybzObTn2yAp0W6NDO1apZOM%2B%2BleDsQwNWCyeXOzBHi%2FWsX%2BGfMo54worbEHOCybusZeP3KRgpLC0jS%2F0rhhrwmrYhmZd8EruyCxvTJ1NlXxXqcbpRCqxp631OcbiotQqEiygj9u4fShkvMlPXRDZseNe5GGiG0%2BMD09kVauJJ3YSFa1E3U0GYlI1whYwpL7C6xW3dzl3VQ9%2FsDoVpuouacJQZby1Vhq%2FH77x9Zlr1IFzyuow%3D%3D&nvMid=44894742574&catId=50001519
